<?xml version="1.0" encoding="UTF-8"?>
<record_update table="m2m_sp_theme_js_include">
    <m2m_sp_theme_js_include action="INSERT_OR_UPDATE">
        <order/>
        <sp_js_include display_value="gauges js">357a0bf2a9d232007f4450c7f46790cf</sp_js_include>
        <sp_theme display_value="k17-ds2">646a0bf2a9d232007f4450c7f4679072</sp_theme>
        <sys_class_name>m2m_sp_theme_js_include</sys_class_name>
        <sys_created_by>admin</sys_created_by>
        <sys_created_on>2017-04-27 06:12:33</sys_created_on>
        <sys_id>c4aa4bf2a9d232007f4450c7f4679077</sys_id>
        <sys_mod_count>0</sys_mod_count>
        <sys_name>gauges js.k17</sys_name>
        <sys_package display_value="Dashboard" source="x_snc_dashboard">678d017aa91232007f4450c7f467902e</sys_package>
        <sys_policy/>
        <sys_scope display_value="Dashboard">678d017aa91232007f4450c7f467902e</sys_scope>
        <sys_update_name>m2m_sp_theme_js_include_c4aa4bf2a9d232007f4450c7f4679077</sys_update_name>
        <sys_updated_by>admin</sys_updated_by>
        <sys_updated_on>2017-04-27 06:12:33</sys_updated_on>
    </m2m_sp_theme_js_include>
</record_update>
