<?xml version="1.0" encoding="UTF-8"?>
<record_update table="m2m_sp_widget_dependency">
    <m2m_sp_widget_dependency action="INSERT_OR_UPDATE">
        <sp_dependency display_value="Dashboard scripts">da42498ba91632007f4450c7f4679060</sp_dependency>
        <sp_widget display_value="dashboard-two-k17-widget">d0a98ac3a99632007f4450c7f46790b8</sp_widget>
        <sys_class_name>m2m_sp_widget_dependency</sys_class_name>
        <sys_created_by>admin</sys_created_by>
        <sys_created_on>2017-04-27 22:50:21</sys_created_on>
        <sys_id>5c0f6a07a9d632007f4450c7f4679028</sys_id>
        <sys_mod_count>0</sys_mod_count>
        <sys_name>Dashboard scripts.dashboard-two-k17-widget</sys_name>
        <sys_package display_value="Dashboard" source="x_snc_dashboard">678d017aa91232007f4450c7f467902e</sys_package>
        <sys_policy/>
        <sys_scope display_value="Dashboard">678d017aa91232007f4450c7f467902e</sys_scope>
        <sys_update_name>m2m_sp_widget_dependency_5c0f6a07a9d632007f4450c7f4679028</sys_update_name>
        <sys_updated_by>admin</sys_updated_by>
        <sys_updated_on>2017-04-27 22:50:21</sys_updated_on>
    </m2m_sp_widget_dependency>
</record_update>
