<?xml version="1.0" encoding="UTF-8"?>
<record_update table="m2m_sp_widget_dependency">
    <m2m_sp_widget_dependency action="INSERT_OR_UPDATE">
        <sp_dependency display_value="chart-2.5.0-ds.js">cb144827e7923200cda9a117c2f6a96a</sp_dependency>
        <sp_widget display_value="Trend Chart">f61df793e7923200cda9a117c2f6a9a8</sp_widget>
        <sys_class_name>m2m_sp_widget_dependency</sys_class_name>
        <sys_created_by>admin</sys_created_by>
        <sys_created_on>2017-04-28 23:52:20</sys_created_on>
        <sys_id>1ec64467e7923200cda9a117c2f6a9f3</sys_id>
        <sys_mod_count>0</sys_mod_count>
        <sys_name>chart-2.5.0-ds.js.Trend Chart</sys_name>
        <sys_package display_value="Dashboard" source="x_snc_dashboard">678d017aa91232007f4450c7f467902e</sys_package>
        <sys_policy/>
        <sys_scope display_value="Dashboard">678d017aa91232007f4450c7f467902e</sys_scope>
        <sys_update_name>m2m_sp_widget_dependency_1ec64467e7923200cda9a117c2f6a9f3</sys_update_name>
        <sys_updated_by>admin</sys_updated_by>
        <sys_updated_on>2017-04-28 23:52:20</sys_updated_on>
    </m2m_sp_widget_dependency>
</record_update>
