<?xml version="1.0" encoding="UTF-8"?>
<record_update table="m2m_sp_theme_css_include">
    <m2m_sp_theme_css_include action="INSERT_OR_UPDATE">
        <order/>
        <sp_css_include display_value="compiled ds1">ea477be4e762320075c2a117c2f6a961</sp_css_include>
        <sp_theme display_value="k17-ds1">746d2ba0e762320075c2a117c2f6a99f</sp_theme>
        <sys_class_name>m2m_sp_theme_css_include</sys_class_name>
        <sys_created_by>admin</sys_created_by>
        <sys_created_on>2017-05-02 19:57:24</sys_created_on>
        <sys_id>3357b7e4e762320075c2a117c2f6a96f</sys_id>
        <sys_mod_count>0</sys_mod_count>
        <sys_name>compiled ds1.k17-ds1</sys_name>
        <sys_package display_value="Dashboard" source="x_snc_dashboard">678d017aa91232007f4450c7f467902e</sys_package>
        <sys_policy/>
        <sys_scope display_value="Dashboard">678d017aa91232007f4450c7f467902e</sys_scope>
        <sys_update_name>m2m_sp_theme_css_include_3357b7e4e762320075c2a117c2f6a96f</sys_update_name>
        <sys_updated_by>admin</sys_updated_by>
        <sys_updated_on>2017-05-02 19:57:24</sys_updated_on>
    </m2m_sp_theme_css_include>
</record_update>
