<?xml version="1.0" encoding="UTF-8"?>
<record_update table="m2m_sp_theme_js_include">
    <m2m_sp_theme_js_include action="INSERT_OR_UPDATE">
        <order/>
        <sp_js_include display_value="gauges js">357a0bf2a9d232007f4450c7f46790cf</sp_js_include>
        <sp_theme display_value="k17-ds1">746d2ba0e762320075c2a117c2f6a99f</sp_theme>
        <sys_class_name>m2m_sp_theme_js_include</sys_class_name>
        <sys_created_by>admin</sys_created_by>
        <sys_created_on>2017-05-02 19:14:56</sys_created_on>
        <sys_id>6dad6ba0e762320075c2a117c2f6a9ed</sys_id>
        <sys_mod_count>0</sys_mod_count>
        <sys_name>gauges js.k17-ds1</sys_name>
        <sys_package display_value="Dashboard" source="x_snc_dashboard">678d017aa91232007f4450c7f467902e</sys_package>
        <sys_policy/>
        <sys_scope display_value="Dashboard">678d017aa91232007f4450c7f467902e</sys_scope>
        <sys_update_name>m2m_sp_theme_js_include_6dad6ba0e762320075c2a117c2f6a9ed</sys_update_name>
        <sys_updated_by>admin</sys_updated_by>
        <sys_updated_on>2017-05-02 19:14:56</sys_updated_on>
    </m2m_sp_theme_js_include>
</record_update>
