<?xml version="1.0" encoding="UTF-8"?>
<record_update table="sp_css_include">
    <sp_css_include action="INSERT_OR_UPDATE">
        <name>dashboard-2-k17</name>
        <source>local</source>
        <sp_css display_value="dashboard-2-k17">4f7ecac7a99632007f4450c7f467908d</sp_css>
        <sys_class_name>sp_css_include</sys_class_name>
        <sys_created_by>admin</sys_created_by>
        <sys_created_on>2017-04-27 20:29:03</sys_created_on>
        <sys_id>eaaecac7a99632007f4450c7f4679014</sys_id>
        <sys_mod_count>0</sys_mod_count>
        <sys_name>dashboard-2-k17</sys_name>
        <sys_package display_value="Dashboard" source="x_snc_dashboard">678d017aa91232007f4450c7f467902e</sys_package>
        <sys_policy/>
        <sys_scope display_value="Dashboard">678d017aa91232007f4450c7f467902e</sys_scope>
        <sys_update_name>sp_css_include_eaaecac7a99632007f4450c7f4679014</sys_update_name>
        <sys_updated_by>admin</sys_updated_by>
        <sys_updated_on>2017-04-27 20:29:03</sys_updated_on>
        <url/>
    </sp_css_include>
</record_update>
