<?xml version="1.0" encoding="UTF-8"?>
<record_update table="sp_container">
    <sp_container action="INSERT_OR_UPDATE">
        <background_color/>
        <background_image/>
        <background_style>default</background_style>
        <bootstrap_alt>false</bootstrap_alt>
        <class_name>flex stat</class_name>
        <container_class_name/>
        <name>Dashboard 1 - Container 3</name>
        <order>3</order>
        <sp_page display_value="dashboard_1">0b70917aa91232007f4450c7f46790dc</sp_page>
        <subheader>false</subheader>
        <sys_class_name>sp_container</sys_class_name>
        <sys_created_by>admin</sys_created_by>
        <sys_created_on>2017-04-27 05:56:33</sys_created_on>
        <sys_id>f9f64ffea99232007f4450c7f467904f</sys_id>
        <sys_mod_count>2</sys_mod_count>
        <sys_name>Dashboard 1 - Container 3</sys_name>
        <sys_package display_value="Dashboard" source="x_snc_dashboard">678d017aa91232007f4450c7f467902e</sys_package>
        <sys_policy/>
        <sys_scope display_value="Dashboard">678d017aa91232007f4450c7f467902e</sys_scope>
        <sys_update_name>sp_container_f9f64ffea99232007f4450c7f467904f</sys_update_name>
        <sys_updated_by>admin</sys_updated_by>
        <sys_updated_on>2017-04-27 15:33:37</sys_updated_on>
        <title/>
        <width>container</width>
    </sp_container>
</record_update>
