<?xml version="1.0" encoding="UTF-8"?>
<record_update table="sp_column">
    <sp_column action="INSERT_OR_UPDATE">
        <class_name/>
        <order>1</order>
        <size/>
        <size_lg/>
        <size_sm/>
        <size_xs/>
        <sp_row display_value="1">5087f297e7523200cda9a117c2f6a986</sp_row>
        <sys_class_name>sp_column</sys_class_name>
        <sys_created_by>admin</sys_created_by>
        <sys_created_on>2017-04-28 18:05:58</sys_created_on>
        <sys_id>6c87f297e7523200cda9a117c2f6a987</sys_id>
        <sys_mod_count>0</sys_mod_count>
        <sys_name>1</sys_name>
        <sys_package display_value="Dashboard" source="x_snc_dashboard">678d017aa91232007f4450c7f467902e</sys_package>
        <sys_policy/>
        <sys_scope display_value="Dashboard">678d017aa91232007f4450c7f467902e</sys_scope>
        <sys_update_name>sp_column_6c87f297e7523200cda9a117c2f6a987</sys_update_name>
        <sys_updated_by>admin</sys_updated_by>
        <sys_updated_on>2017-04-28 18:05:58</sys_updated_on>
    </sp_column>
</record_update>
