<?xml version="1.0" encoding="UTF-8"?>
<record_update table="sp_css">
    <sp_css action="INSERT_OR_UPDATE">
        <css>html, .body{&#13;
      margin: 0;&#13;
    padding: 0;&#13;
    height: 100%;&#13;
    min-height: 100%;&#13;
    -webkit-font-smoothing: antialiased;&#13;
}&#13;
&#13;
.body{&#13;
  font-family: -apple-system, BlinkMacSystemFont, sans-serif;&#13;
  font-weight: 400;&#13;
  color: #fff;&#13;
  font-size: 16px;&#13;
}&#13;
&#13;
.body.padding-top{&#13;
	padding-top: 0;&#13;
}&#13;
.dashboard-two-container{&#13;
	width: 100%;&#13;
  background: #292D3F;&#13;
}&#13;
&#13;
.wrapper{&#13;
  padding: 0!important;&#13;
}</css>
        <name>dashboard-2-k17</name>
        <sys_class_name>sp_css</sys_class_name>
        <sys_created_by>admin</sys_created_by>
        <sys_created_on>2017-04-27 20:29:03</sys_created_on>
        <sys_id>4f7ecac7a99632007f4450c7f467908d</sys_id>
        <sys_mod_count>3</sys_mod_count>
        <sys_name>dashboard-2-k17</sys_name>
        <sys_package display_value="Dashboard" source="x_snc_dashboard">678d017aa91232007f4450c7f467902e</sys_package>
        <sys_policy/>
        <sys_scope display_value="Dashboard">678d017aa91232007f4450c7f467902e</sys_scope>
        <sys_update_name>sp_css_4f7ecac7a99632007f4450c7f467908d</sys_update_name>
        <sys_updated_by>admin</sys_updated_by>
        <sys_updated_on>2017-05-02 19:18:45</sys_updated_on>
    </sp_css>
</record_update>
