<?xml version="1.0" encoding="UTF-8"?>
<record_update table="sp_css_include">
    <sp_css_include action="INSERT_OR_UPDATE">
        <name>designer overrides</name>
        <source>local</source>
        <sp_css display_value="designer overrides">49e9a720e762320075c2a117c2f6a9ae</sp_css>
        <sys_class_name>sp_css_include</sys_class_name>
        <sys_created_by>admin</sys_created_by>
        <sys_created_on>2017-05-02 19:00:28</sys_created_on>
        <sys_id>f55a2b20e762320075c2a117c2f6a934</sys_id>
        <sys_mod_count>0</sys_mod_count>
        <sys_name>designer overrides</sys_name>
        <sys_package display_value="Dashboard" source="x_snc_dashboard">678d017aa91232007f4450c7f467902e</sys_package>
        <sys_policy/>
        <sys_scope display_value="Dashboard">678d017aa91232007f4450c7f467902e</sys_scope>
        <sys_update_name>sp_css_include_f55a2b20e762320075c2a117c2f6a934</sys_update_name>
        <sys_updated_by>admin</sys_updated_by>
        <sys_updated_on>2017-05-02 19:00:28</sys_updated_on>
        <url/>
    </sp_css_include>
</record_update>
