<?xml version="1.0" encoding="UTF-8"?>
<record_update table="sp_column">
    <sp_column action="INSERT_OR_UPDATE">
        <class_name/>
        <order>1</order>
        <size>12</size>
        <size_lg/>
        <size_sm/>
        <size_xs/>
        <sp_row display_value="1">2a298fb2a9d232007f4450c7f46790d4</sp_row>
        <sys_class_name>sp_column</sys_class_name>
        <sys_created_by>admin</sys_created_by>
        <sys_created_on>2017-04-27 06:06:10</sys_created_on>
        <sys_id>ae298fb2a9d232007f4450c7f46790d5</sys_id>
        <sys_mod_count>1</sys_mod_count>
        <sys_name>1</sys_name>
        <sys_package display_value="Dashboard" source="x_snc_dashboard">678d017aa91232007f4450c7f467902e</sys_package>
        <sys_policy/>
        <sys_scope display_value="Dashboard">678d017aa91232007f4450c7f467902e</sys_scope>
        <sys_update_name>sp_column_ae298fb2a9d232007f4450c7f46790d5</sys_update_name>
        <sys_updated_by>admin</sys_updated_by>
        <sys_updated_on>2017-05-02 23:00:32</sys_updated_on>
    </sp_column>
</record_update>
