<?xml version="1.0" encoding="UTF-8"?>
<record_update table="sp_css">
    <sp_css action="INSERT_OR_UPDATE">
        <css>html[ng-app="ng_spd"] .stat {&#13;
	position: inherit !important;&#13;
    /*top: 150px;*/&#13;
}&#13;
&#13;
.stat {&#13;
	border: 1px solid green;&#13;
}</css>
        <name>designer overrides</name>
        <sys_class_name>sp_css</sys_class_name>
        <sys_created_by>admin</sys_created_by>
        <sys_created_on>2017-05-02 19:00:28</sys_created_on>
        <sys_id>49e9a720e762320075c2a117c2f6a9ae</sys_id>
        <sys_mod_count>1</sys_mod_count>
        <sys_name>designer overrides</sys_name>
        <sys_package display_value="Dashboard" source="x_snc_dashboard">678d017aa91232007f4450c7f467902e</sys_package>
        <sys_policy/>
        <sys_scope display_value="Dashboard">678d017aa91232007f4450c7f467902e</sys_scope>
        <sys_update_name>sp_css_49e9a720e762320075c2a117c2f6a9ae</sys_update_name>
        <sys_updated_by>admin</sys_updated_by>
        <sys_updated_on>2017-05-02 19:03:20</sys_updated_on>
    </sp_css>
</record_update>
