<?xml version="1.0" encoding="UTF-8"?>
<record_update table="sp_css">
    <sp_css action="INSERT_OR_UPDATE">
        <css>.root { }</css>
        <name>empty</name>
        <sys_class_name>sp_css</sys_class_name>
        <sys_created_by>admin</sys_created_by>
        <sys_created_on>2017-05-02 19:38:44</sys_created_on>
        <sys_id>5d133f64e762320075c2a117c2f6a916</sys_id>
        <sys_mod_count>1</sys_mod_count>
        <sys_name>empty</sys_name>
        <sys_package display_value="Dashboard" source="x_snc_dashboard">678d017aa91232007f4450c7f467902e</sys_package>
        <sys_policy/>
        <sys_scope display_value="Dashboard">678d017aa91232007f4450c7f467902e</sys_scope>
        <sys_update_name>sp_css_5d133f64e762320075c2a117c2f6a916</sys_update_name>
        <sys_updated_by>admin</sys_updated_by>
        <sys_updated_on>2017-05-02 19:39:43</sys_updated_on>
    </sp_css>
</record_update>
