<?xml version="1.0" encoding="UTF-8"?>
<record_update table="sp_instance_table">
    <sp_instance_table action="INSERT_OR_UPDATE">
        <active>true</active>
        <class_name/>
        <color>default</color>
        <css/>
        <display_field>assignment_group</display_field>
        <field_list/>
        <filter table="incident">active=true^assignment_group=8a4dde73c6112278017a6a4baf547aa7^EQ<item endquery="false" field="active" goto="false" newquery="false" operator="=" or="false" value="true"/>
            <item display_table="sys_user_group" display_value="Software" endquery="false" field="assignment_group" goto="false" newquery="false" operator="=" or="false" value="8a4dde73c6112278017a6a4baf547aa7"/>
            <item endquery="true" field="" goto="false" newquery="false" operator="=" or="false" value=""/>
        </filter>
        <glyph/>
        <id/>
        <maximum_entries>5</maximum_entries>
        <order>1</order>
        <order_by/>
        <order_direction>asc</order_direction>
        <roles/>
        <short_description/>
        <size>md</size>
        <sp_column display_value="1">ae298fb2a9d232007f4450c7f46790d5</sp_column>
        <sp_page/>
        <sp_widget display_value="dashboard-summary-row">2e86d5bea91232007f4450c7f46790d7</sp_widget>
        <sys_class_name>sp_instance_table</sys_class_name>
        <sys_created_by>admin</sys_created_by>
        <sys_created_on>2017-05-02 21:08:12</sys_created_on>
        <sys_id>b4778cbce762320075c2a117c2f6a942</sys_id>
        <sys_mod_count>15</sys_mod_count>
        <sys_name>Software Incidents</sys_name>
        <sys_package display_value="Dashboard" source="x_snc_dashboard">678d017aa91232007f4450c7f467902e</sys_package>
        <sys_policy/>
        <sys_scope display_value="Dashboard">678d017aa91232007f4450c7f467902e</sys_scope>
        <sys_update_name>sp_instance_table_b4778cbce762320075c2a117c2f6a942</sys_update_name>
        <sys_updated_by>admin</sys_updated_by>
        <sys_updated_on>2017-05-04 18:28:52</sys_updated_on>
        <table>incident</table>
        <title>Software Incidents</title>
        <url/>
        <widget_parameters><![CDATA[{
	"aggregation_function": {
		"value": "COUNT",
		"displayValue": "COUNT"
	},
	"trend_field": {
		"value": "opened_at",
		"displayValue": "opened_at"
	},
	"trend_field_ref": {
		"value": "timeref",
		"displayValue": "timeref"
	},
	"trend": {
		"value": "Week",
		"displayValue": "Week"
	},
	"series_color": {
		"value": "rgba(255,50,255,0.5)",
		"displayValue": "rgba(255,50,255,0.5)"
	},
	"group_field": {
		"value": "state",
		"displayValue": "state"
	}
}]]></widget_parameters>
    </sp_instance_table>
    <sys_translated_text action="delete_multiple" query="documentkey=b4778cbce762320075c2a117c2f6a942"/>
</record_update>
