<?xml version="1.0" encoding="UTF-8"?>
<record_update table="sp_instance">
    <sp_instance action="INSERT_OR_UPDATE">
        <active>true</active>
        <class_name/>
        <color>default</color>
        <css/>
        <glyph/>
        <id/>
        <order>1</order>
        <roles/>
        <short_description/>
        <size>md</size>
        <sp_column display_value="1">e18515bea91232007f4450c7f4679044</sp_column>
        <sp_widget display_value="dashboard-time">70c614f05b2232006b11c7ad31f91a2e</sp_widget>
        <sys_class_name>sp_instance</sys_class_name>
        <sys_created_by>admin</sys_created_by>
        <sys_created_on>2017-05-02 22:19:34</sys_created_on>
        <sys_id>14e7dcf05b2232006b11c7ad31f91a1b</sys_id>
        <sys_mod_count>1</sys_mod_count>
        <sys_name>header clock</sys_name>
        <sys_package display_value="Dashboard" source="x_snc_dashboard">678d017aa91232007f4450c7f467902e</sys_package>
        <sys_policy/>
        <sys_scope display_value="Dashboard">678d017aa91232007f4450c7f467902e</sys_scope>
        <sys_update_name>sp_instance_14e7dcf05b2232006b11c7ad31f91a1b</sys_update_name>
        <sys_updated_by>admin</sys_updated_by>
        <sys_updated_on>2017-05-02 22:26:23</sys_updated_on>
        <title>header clock</title>
        <url/>
        <widget_parameters/>
    </sp_instance>
    <sys_translated_text action="delete_multiple" query="documentkey=14e7dcf05b2232006b11c7ad31f91a1b"/>
</record_update>
