<?xml version="1.0" encoding="UTF-8"?>
<record_update table="sp_instance_table">
    <sp_instance_table action="INSERT_OR_UPDATE">
        <active>true</active>
        <class_name/>
        <color>default</color>
        <css/>
        <display_field>assignment_group</display_field>
        <field_list/>
        <filter table="incident">active=true^sys_created_on&gt;javascript:gs.monthsAgoStart(6)^EQ<item endquery="false" field="active" goto="false" newquery="false" operator="=" or="false" value="true"/>
            <item endquery="false" field="sys_created_on" goto="false" newquery="false" operator="&gt;" or="false" value="javascript:gs.monthsAgoStart(6)"/>
            <item endquery="true" field="" goto="false" newquery="false" operator="=" or="false" value=""/>
        </filter>
        <glyph/>
        <id/>
        <maximum_entries>5</maximum_entries>
        <order>0</order>
        <order_by/>
        <order_direction>asc</order_direction>
        <roles/>
        <short_description/>
        <size>md</size>
        <sp_column display_value="1">6c87f297e7523200cda9a117c2f6a987</sp_column>
        <sp_page/>
        <sp_widget/>
        <sys_class_name>sp_instance_table</sys_class_name>
        <sys_created_by>admin</sys_created_by>
        <sys_created_on>2017-04-28 18:15:54</sys_created_on>
        <sys_id>cac972d7e7523200cda9a117c2f6a9d7</sys_id>
        <sys_mod_count>3</sys_mod_count>
        <sys_name/>
        <sys_package display_value="Dashboard" source="x_snc_dashboard">678d017aa91232007f4450c7f467902e</sys_package>
        <sys_policy/>
        <sys_scope display_value="Dashboard">678d017aa91232007f4450c7f467902e</sys_scope>
        <sys_update_name>sp_instance_table_cac972d7e7523200cda9a117c2f6a9d7</sys_update_name>
        <sys_updated_by>admin</sys_updated_by>
        <sys_updated_on>2017-04-28 18:18:42</sys_updated_on>
        <table>incident</table>
        <title/>
        <url/>
        <widget_parameters><![CDATA[{
	"aggregate_field": {
		"value": "sys_created_on",
		"displayValue": "sys_created_on"
	},
	"aggregate_function": {
		"value": "COUNT",
		"displayValue": "COUNT"
	},
	"theme": {
		"value": "Dark",
		"displayValue": "Dark"
	}
}]]></widget_parameters>
    </sp_instance_table>
    <sys_translated_text action="delete_multiple" query="documentkey=cac972d7e7523200cda9a117c2f6a9d7"/>
</record_update>
