<?xml version="1.0" encoding="UTF-8"?>
<record_update table="sp_page">
    <sp_page action="INSERT_OR_UPDATE">
        <css/>
        <draft>false</draft>
        <id>dashboard_2</id>
        <internal>false</internal>
        <public>false</public>
        <roles/>
        <short_description/>
        <sys_class_name>sp_page</sys_class_name>
        <sys_created_by>admin</sys_created_by>
        <sys_created_on>2017-04-26 21:19:17</sys_created_on>
        <sys_id>a49051baa91232007f4450c7f4679037</sys_id>
        <sys_mod_count>10</sys_mod_count>
        <sys_name>dashboard_2</sys_name>
        <sys_package display_value="Dashboard" source="x_snc_dashboard">678d017aa91232007f4450c7f467902e</sys_package>
        <sys_policy/>
        <sys_scope display_value="Dashboard">678d017aa91232007f4450c7f467902e</sys_scope>
        <sys_update_name>sp_page_a49051baa91232007f4450c7f4679037</sys_update_name>
        <sys_updated_by>admin</sys_updated_by>
        <sys_updated_on>2017-05-02 19:18:35</sys_updated_on>
        <title>Dashboard 2</title>
    </sp_page>
    <sys_translated_text action="delete_multiple" query="documentkey=a49051baa91232007f4450c7f4679037"/>
</record_update>
