<?xml version="1.0" encoding="UTF-8"?>
<record_update table="sp_page">
    <sp_page action="INSERT_OR_UPDATE">
        <css/>
        <draft>false</draft>
        <id>trend_chart</id>
        <internal>false</internal>
        <public>false</public>
        <roles/>
        <short_description/>
        <sys_class_name>sp_page</sys_class_name>
        <sys_created_by>admin</sys_created_by>
        <sys_created_on>2017-04-28 18:05:58</sys_created_on>
        <sys_id>5487f297e7523200cda9a117c2f6a982</sys_id>
        <sys_mod_count>0</sys_mod_count>
        <sys_name>trend_chart</sys_name>
        <sys_package display_value="Dashboard" source="x_snc_dashboard">678d017aa91232007f4450c7f467902e</sys_package>
        <sys_policy/>
        <sys_scope display_value="Dashboard">678d017aa91232007f4450c7f467902e</sys_scope>
        <sys_update_name>sp_page_5487f297e7523200cda9a117c2f6a982</sys_update_name>
        <sys_updated_by>admin</sys_updated_by>
        <sys_updated_on>2017-04-28 18:05:58</sys_updated_on>
        <title>trend-chart - Test Page</title>
    </sp_page>
    <sys_translated_text action="delete_multiple" query="documentkey=5487f297e7523200cda9a117c2f6a982"/>
</record_update>
