<?xml version="1.0" encoding="UTF-8"?>
<record_update table="sp_portal">
    <sp_portal action="INSERT_OR_UPDATE">
        <css_variables/>
        <default>false</default>
        <homepage display_value="dashboard_2">a49051baa91232007f4450c7f4679037</homepage>
        <icon/>
        <kb_knowledge_base/>
        <kb_knowledge_page/>
        <login_page/>
        <logo/>
        <notfound_page/>
        <quick_start_config/>
        <sc_catalog/>
        <sc_catalog_page/>
        <sc_category_page/>
        <sp_chat_queue/>
        <sp_rectangle_menu/>
        <sqanda_knowledge_base/>
        <sys_class_name>sp_portal</sys_class_name>
        <sys_created_by>admin</sys_created_by>
        <sys_created_on>2017-04-26 21:20:27</sys_created_on>
        <sys_id>dec0ddbaa91232007f4450c7f467901e</sys_id>
        <sys_mod_count>1</sys_mod_count>
        <sys_name>Dashboard 2</sys_name>
        <sys_package display_value="Dashboard" source="x_snc_dashboard">678d017aa91232007f4450c7f467902e</sys_package>
        <sys_policy/>
        <sys_scope display_value="Dashboard">678d017aa91232007f4450c7f467902e</sys_scope>
        <sys_update_name>sp_portal_dec0ddbaa91232007f4450c7f467901e</sys_update_name>
        <sys_updated_by>admin</sys_updated_by>
        <sys_updated_on>2017-05-02 19:18:17</sys_updated_on>
        <theme display_value="k17-ds2">646a0bf2a9d232007f4450c7f4679072</theme>
        <title>Dashboard 2</title>
        <url_suffix>d2</url_suffix>
    </sp_portal>
    <sys_translated_text action="delete_multiple" query="documentkey=dec0ddbaa91232007f4450c7f467901e"/>
</record_update>
