<?xml version="1.0" encoding="UTF-8"?>
<record_update table="sp_row">
    <sp_row action="INSERT_OR_UPDATE">
        <class_name/>
        <order>1</order>
        <sp_column/>
        <sp_container display_value="Dashboard 1 - Container 4">b5f80bb2a9d232007f4450c7f467906a</sp_container>
        <sys_class_name>sp_row</sys_class_name>
        <sys_created_by>admin</sys_created_by>
        <sys_created_on>2017-04-27 06:05:17</sys_created_on>
        <sys_id>fdf80bb2a9d232007f4450c7f467906b</sys_id>
        <sys_mod_count>0</sys_mod_count>
        <sys_name>1</sys_name>
        <sys_package display_value="Dashboard" source="x_snc_dashboard">678d017aa91232007f4450c7f467902e</sys_package>
        <sys_policy/>
        <sys_scope display_value="Dashboard">678d017aa91232007f4450c7f467902e</sys_scope>
        <sys_update_name>sp_row_fdf80bb2a9d232007f4450c7f467906b</sys_update_name>
        <sys_updated_by>admin</sys_updated_by>
        <sys_updated_on>2017-04-27 06:05:17</sys_updated_on>
    </sp_row>
</record_update>
