<?xml version="1.0" encoding="UTF-8"?>
<record_update table="sp_theme">
    <sp_theme action="INSERT_OR_UPDATE">
        <css_variables/>
        <footer/>
        <footer_fixed>true</footer_fixed>
        <header/>
        <name>k17-ds1</name>
        <navbar_fixed>true</navbar_fixed>
        <sys_class_name>sp_theme</sys_class_name>
        <sys_created_by>admin</sys_created_by>
        <sys_created_on>2017-05-02 19:13:53</sys_created_on>
        <sys_id>746d2ba0e762320075c2a117c2f6a99f</sys_id>
        <sys_mod_count>0</sys_mod_count>
        <sys_name>k17-ds1</sys_name>
        <sys_package display_value="Dashboard" source="x_snc_dashboard">678d017aa91232007f4450c7f467902e</sys_package>
        <sys_policy/>
        <sys_scope display_value="Dashboard">678d017aa91232007f4450c7f467902e</sys_scope>
        <sys_update_name>sp_theme_746d2ba0e762320075c2a117c2f6a99f</sys_update_name>
        <sys_updated_by>admin</sys_updated_by>
        <sys_updated_on>2017-05-02 19:13:53</sys_updated_on>
    </sp_theme>
</record_update>
