<?xml version="1.0" encoding="UTF-8"?>
<record_update sys_domain="global" table="sys_filter">
    <sys_filter action="INSERT_OR_UPDATE">
        <filter table="sp_page">idSTARTSWITHdas^idISNOTEMPTY^EQ<item endquery="false" field="id" goto="false" newquery="false" operator="STARTSWITH" or="false" value="das"/>
            <item endquery="false" field="id" goto="false" newquery="false" operator="ISNOTEMPTY" or="false" value=""/>
            <item endquery="true" field="" goto="false" newquery="false" operator="=" or="false" value=""/>
        </filter>
        <group/>
        <last_used>2017-04-26 21:19:54</last_used>
        <mobile>true</mobile>
        <roles/>
        <sys_class_name>sys_filter</sys_class_name>
        <sys_created_by>admin</sys_created_by>
        <sys_created_on>2017-04-26 21:19:52</sys_created_on>
        <sys_domain>global</sys_domain>
        <sys_domain_path>/</sys_domain_path>
        <sys_id>0db01dbaa91232007f4450c7f467904b</sys_id>
        <sys_mod_count>1</sys_mod_count>
        <sys_name/>
        <sys_package/>
        <sys_policy/>
        <sys_scope display_value="Dashboard">678d017aa91232007f4450c7f467902e</sys_scope>
        <sys_update_name/>
        <sys_updated_by>admin</sys_updated_by>
        <sys_updated_on>2017-04-26 21:19:54</sys_updated_on>
        <table>sp_page</table>
        <title>mobile</title>
        <user display_value="System Administrator">6816f79cc0a8016401c5a33be04be441</user>
    </sys_filter>
</record_update>
