<?xml version="1.0" encoding="UTF-8"?>
<record_update table="sys_ui_script">
    <sys_ui_script action="INSERT_OR_UPDATE">
        <active>true</active>
        <description>script build to manage the ui for service portal dashboard 1 in support of K17</description>
        <global>false</global>
        <name>x_snc_dashboard.dashboard_1_script</name>
        <script><![CDATA[/*
 2017 Julian Garnier
 Released under the MIT license
*/
var $jscomp$this=this;
(function(v,p){"function"===typeof define&&define.amd?define([],p):"object"===typeof module&&module.exports?module.exports=p():v.anime=p()})(this,function(){function v(a){if(!g.col(a))try{return document.querySelectorAll(a)}catch(b){}}function p(a){return a.reduce(function(a,d){return a.concat(g.arr(d)?p(d):d)},[])}function w(a){if(g.arr(a))return a;g.str(a)&&(a=v(a)||a);return a instanceof NodeList||a instanceof HTMLCollection?[].slice.call(a):[a]}function F(a,b){return a.some(function(a){return a===b})}
function A(a){var b={},d;for(d in a)b[d]=a[d];return b}function G(a,b){var d=A(a),c;for(c in a)d[c]=b.hasOwnProperty(c)?b[c]:a[c];return d}function B(a,b){var d=A(a),c;for(c in b)d[c]=g.und(a[c])?b[c]:a[c];return d}function S(a){a=a.replace(/^#?([a-f\d])([a-f\d])([a-f\d])$/i,function(a,b,d,h){return b+b+d+d+h+h});var b=/^#?([a-f\d]{2})([a-f\d]{2})([a-f\d]{2})$/i.exec(a);a=parseInt(b[1],16);var d=parseInt(b[2],16),b=parseInt(b[3],16);return"rgb("+a+","+d+","+b+")"}function T(a){function b(a,b,c){0>
c&&(c+=1);1<c&&--c;return c<1/6?a+6*(b-a)*c:.5>c?b:c<2/3?a+(b-a)*(2/3-c)*6:a}var d=/hsl\((\d+),\s*([\d.]+)%,\s*([\d.]+)%\)/g.exec(a);a=parseInt(d[1])/360;var c=parseInt(d[2])/100,d=parseInt(d[3])/100;if(0==c)c=d=a=d;else{var e=.5>d?d*(1+c):d+c-d*c,l=2*d-e,c=b(l,e,a+1/3),d=b(l,e,a);a=b(l,e,a-1/3)}return"rgb("+255*c+","+255*d+","+255*a+")"}function x(a){if(a=/([\+\-]?[0-9#\.]+)(%|px|pt|em|rem|in|cm|mm|ex|pc|vw|vh|deg|rad|turn)?/.exec(a))return a[2]}function U(a){if(-1<a.indexOf("translate"))return"px";
if(-1<a.indexOf("rotate")||-1<a.indexOf("skew"))return"deg"}function H(a,b){return g.fnc(a)?a(b.target,b.id,b.total):a}function C(a,b){if(b in a.style)return getComputedStyle(a).getPropertyValue(b.replace(/([a-z])([A-Z])/g,"$1-$2").toLowerCase())||"0"}function I(a,b){if(g.dom(a)&&F(V,b))return"transform";if(g.dom(a)&&(a.getAttribute(b)||g.svg(a)&&a[b]))return"attribute";if(g.dom(a)&&"transform"!==b&&C(a,b))return"css";if(null!=a[b])return"object"}function W(a,b){var d=U(b),d=-1<b.indexOf("scale")?
1:0+d;a=a.style.transform;if(!a)return d;for(var c=[],e=[],l=[],h=/(\w+)\((.+?)\)/g;c=h.exec(a);)e.push(c[1]),l.push(c[2]);a=l.filter(function(a,c){return e[c]===b});return a.length?a[0]:d}function J(a,b){switch(I(a,b)){case "transform":return W(a,b);case "css":return C(a,b);case "attribute":return a.getAttribute(b)}return a[b]||0}function K(a,b){var d=/^(\*=|\+=|-=)/.exec(a);if(!d)return a;b=parseFloat(b);a=parseFloat(a.replace(d[0],""));switch(d[0][0]){case "+":return b+a;case "-":return b-a;case "*":return b*
a}}function D(a){return g.obj(a)&&a.hasOwnProperty("totalLength")}function X(a,b){function d(c){c=void 0===c?0:c;return a.el.getPointAtLength(1<=b+c?b+c:0)}var c=d(),e=d(-1),l=d(1);switch(a.property){case "x":return c.x;case "y":return c.y;case "angle":return 180*Math.atan2(l.y-e.y,l.x-e.x)/Math.PI}}function L(a,b){var d=/-?\d*\.?\d+/g;a=D(a)?a.totalLength:a;if(g.col(a))b=g.rgb(a)?a:g.hex(a)?S(a):g.hsl(a)?T(a):void 0;else{var c=x(a);a=c?a.substr(0,a.length-c.length):a;b=b?a+b:a}b+="";return{original:b,
numbers:b.match(d)?b.match(d).map(Number):[0],strings:b.split(d)}}function Y(a,b){return b.reduce(function(b,c,e){return b+a[e-1]+c})}function M(a){return(a?p(g.arr(a)?a.map(w):w(a)):[]).filter(function(a,d,c){return c.indexOf(a)===d})}function Z(a){var b=M(a);return b.map(function(a,c){return{target:a,id:c,total:b.length}})}function aa(a,b){var d=A(b);if(g.arr(a)){var c=a.length;2!==c||g.obj(a[0])?g.fnc(b.duration)||(d.duration=b.duration/c):a={value:a}}return w(a).map(function(a,c){c=c?0:b.delay;
a=g.obj(a)&&!D(a)?a:{value:a};g.und(a.delay)&&(a.delay=c);return a}).map(function(a){return B(a,d)})}function ba(a,b){var d={},c;for(c in a){var e=H(a[c],b);g.arr(e)&&(e=e.map(function(a){return H(a,b)}),1===e.length&&(e=e[0]));d[c]=e}d.duration=parseFloat(d.duration);d.delay=parseFloat(d.delay);return d}function ca(a){return g.arr(a)?y.apply(this,a):N[a]}function da(a,b){var d;return a.tweens.map(function(c){c=ba(c,b);var e=c.value,l=J(b.target,a.name),h=d?d.to.original:l,h=g.arr(e)?e[0]:h,m=K(g.arr(e)?
e[1]:e,h),l=x(m)||x(h)||x(l);c.isPath=D(e);c.from=L(h,l);c.to=L(m,l);c.start=d?d.end:a.offset;c.end=c.start+c.delay+c.duration;c.easing=ca(c.easing);c.elasticity=(1E3-Math.min(Math.max(c.elasticity,1),999))/1E3;g.col(c.from.original)&&(c.round=1);return d=c})}function ea(a,b){return p(a.map(function(a){return b.map(function(b){var c=I(a.target,b.name);if(c){var d=da(b,a);b={type:c,property:b.name,animatable:a,tweens:d,duration:d[d.length-1].end,delay:d[0].delay}}else b=void 0;return b})})).filter(function(a){return!g.und(a)})}
function O(a,b,d){var c="delay"===a?Math.min:Math.max;return b.length?c.apply(Math,b.map(function(b){return b[a]})):d[a]}function fa(a){var b=G(ga,a),d=G(ha,a),c=Z(a.targets),e=[],g=B(b,d),h;for(h in a)g.hasOwnProperty(h)||"targets"===h||e.push({name:h,offset:g.offset,tweens:aa(a[h],d)});a=ea(c,e);return B(b,{children:[],animatables:c,animations:a,duration:O("duration",a,d),delay:O("delay",a,d)})}function n(a){function b(){return window.Promise&&new Promise(function(a){return Q=a})}function d(a){return f.reversed?
f.duration-a:a}function c(a){for(var b=0,c={},d=f.animations,e={};b<d.length;){var g=d[b],h=g.animatable,m=g.tweens;e.tween=m.filter(function(b){return a<b.end})[0]||m[m.length-1];e.isPath$1=e.tween.isPath;e.round=e.tween.round;e.eased=e.tween.easing(Math.min(Math.max(a-e.tween.start-e.tween.delay,0),e.tween.duration)/e.tween.duration,e.tween.elasticity);m=Y(e.tween.to.numbers.map(function(a){return function(b,c){c=a.isPath$1?0:a.tween.from.numbers[c];b=c+a.eased*(b-c);a.isPath$1&&(b=X(a.tween.value,
b));a.round&&(b=Math.round(b*a.round)/a.round);return b}}(e)),e.tween.to.strings);ia[g.type](h.target,g.property,m,c,h.id);g.currentValue=m;b++;e={isPath$1:e.isPath$1,tween:e.tween,eased:e.eased,round:e.round}}if(c)for(var k in c)E||(E=C(document.body,"transform")?"transform":"-webkit-transform"),f.animatables[k].target.style[E]=c[k].join(" ");f.currentTime=a;f.progress=a/f.duration*100}function e(a){if(f[a])f[a](f)}function g(){f.remaining&&!0!==f.remaining&&f.remaining--}function h(a){var h=f.duration,
l=f.offset,n=f.delay,P=f.currentTime,q=f.reversed,r=d(a),r=Math.min(Math.max(r,0),h);if(f.children){var p=f.children;if(r>=f.currentTime)for(var u=0;u<p.length;u++)p[u].seek(r);else for(u=p.length;u--;)p[u].seek(r)}r>l&&r<h?(c(r),!f.began&&r>=n&&(f.began=!0,e("begin")),e("run")):(r<=l&&0!==P&&(c(0),q&&g()),r>=h&&P!==h&&(c(h),q||g()));a>=h&&(f.remaining?(t=m,"alternate"===f.direction&&(f.reversed=!f.reversed)):(f.pause(),"Promise"in window&&(Q(),R=b()),f.completed||(f.completed=!0,e("complete"))),
k=0);e("update")}a=void 0===a?{}:a;var m,t,k=0,Q=null,R=b(),f=fa(a);f.reset=function(){var a=f.direction,b=f.loop;f.currentTime=0;f.progress=0;f.paused=!0;f.began=!1;f.completed=!1;f.reversed="reverse"===a;f.remaining="alternate"===a&&1===b?2:b;for(a=f.children.length;a--;)b=f.children[a],b.seek(b.offset),b.reset()};f.tick=function(a){m=a;t||(t=m);h((k+m-t)*n.speed)};f.seek=function(a){h(d(a))};f.pause=function(){var a=q.indexOf(f);-1<a&&q.splice(a,1);f.paused=!0};f.play=function(){f.paused&&(f.paused=
!1,t=0,k=d(f.currentTime),q.push(f),z||ja())};f.reverse=function(){f.reversed=!f.reversed;t=0;k=d(f.currentTime)};f.restart=function(){f.pause();f.reset();f.play()};f.finished=R;f.reset();f.autoplay&&f.play();return f}var ga={update:void 0,begin:void 0,run:void 0,complete:void 0,loop:1,direction:"normal",autoplay:!0,offset:0},ha={duration:1E3,delay:0,easing:"easeOutElastic",elasticity:500,round:0},V="translateX translateY translateZ rotate rotateX rotateY rotateZ scale scaleX scaleY scaleZ skewX skewY".split(" "),
E,g={arr:function(a){return Array.isArray(a)},obj:function(a){return-1<Object.prototype.toString.call(a).indexOf("Object")},svg:function(a){return a instanceof SVGElement},dom:function(a){return a.nodeType||g.svg(a)},str:function(a){return"string"===typeof a},fnc:function(a){return"function"===typeof a},und:function(a){return"undefined"===typeof a},hex:function(a){return/(^#[0-9A-F]{6}$)|(^#[0-9A-F]{3}$)/i.test(a)},rgb:function(a){return/^rgb/.test(a)},hsl:function(a){return/^hsl/.test(a)},col:function(a){return g.hex(a)||
g.rgb(a)||g.hsl(a)}},y=function(){function a(a,d,c){return(((1-3*c+3*d)*a+(3*c-6*d))*a+3*d)*a}return function(b,d,c,e){if(0<=b&&1>=b&&0<=c&&1>=c){var g=new Float32Array(11);if(b!==d||c!==e)for(var h=0;11>h;++h)g[h]=a(.1*h,b,c);return function(h){if(b===d&&c===e)return h;if(0===h)return 0;if(1===h)return 1;for(var m=0,k=1;10!==k&&g[k]<=h;++k)m+=.1;--k;var k=m+(h-g[k])/(g[k+1]-g[k])*.1,l=3*(1-3*c+3*b)*k*k+2*(3*c-6*b)*k+3*b;if(.001<=l){for(m=0;4>m;++m){l=3*(1-3*c+3*b)*k*k+2*(3*c-6*b)*k+3*b;if(0===l)break;
var n=a(k,b,c)-h,k=k-n/l}h=k}else if(0===l)h=k;else{var k=m,m=m+.1,f=0;do n=k+(m-k)/2,l=a(n,b,c)-h,0<l?m=n:k=n;while(1e-7<Math.abs(l)&&10>++f);h=n}return a(h,d,e)}}}}(),N=function(){function a(a,b){return 0===a||1===a?a:-Math.pow(2,10*(a-1))*Math.sin(2*(a-1-b/(2*Math.PI)*Math.asin(1))*Math.PI/b)}var b="Quad Cubic Quart Quint Sine Expo Circ Back Elastic".split(" "),d={In:[[.55,.085,.68,.53],[.55,.055,.675,.19],[.895,.03,.685,.22],[.755,.05,.855,.06],[.47,0,.745,.715],[.95,.05,.795,.035],[.6,.04,.98,
.335],[.6,-.28,.735,.045],a],Out:[[.25,.46,.45,.94],[.215,.61,.355,1],[.165,.84,.44,1],[.23,1,.32,1],[.39,.575,.565,1],[.19,1,.22,1],[.075,.82,.165,1],[.175,.885,.32,1.275],function(b,c){return 1-a(1-b,c)}],InOut:[[.455,.03,.515,.955],[.645,.045,.355,1],[.77,0,.175,1],[.86,0,.07,1],[.445,.05,.55,.95],[1,0,0,1],[.785,.135,.15,.86],[.68,-.55,.265,1.55],function(b,c){return.5>b?a(2*b,c)/2:1-a(-2*b+2,c)/2}]},c={linear:y(.25,.25,.75,.75)},e={},l;for(l in d)e.type=l,d[e.type].forEach(function(a){return function(d,
e){c["ease"+a.type+b[e]]=g.fnc(d)?d:y.apply($jscomp$this,d)}}(e)),e={type:e.type};return c}(),ia={css:function(a,b,d){return a.style[b]=d},attribute:function(a,b,d){return a.setAttribute(b,d)},object:function(a,b,d){return a[b]=d},transform:function(a,b,d,c,e){c[e]||(c[e]=[]);c[e].push(b+"("+d+")")}},q=[],z=0,ja=function(){function a(){z=requestAnimationFrame(b)}function b(b){var c=q.length;if(c){for(var d=0;d<c;)q[d]&&q[d].tick(b),d++;a()}else cancelAnimationFrame(z),z=0}return a}();n.version="2.0.2";
n.speed=1;n.running=q;n.remove=function(a){a=M(a);for(var b=q.length;b--;)for(var d=q[b],c=d.animations,e=c.length;e--;)F(a,c[e].animatable.target)&&(c.splice(e,1),c.length||d.pause())};n.getValue=J;n.path=function(a,b){var d=g.str(a)?v(a)[0]:a,c=b||100;return function(a){return{el:d,property:a,totalLength:d.getTotalLength()*(c/100)}}};n.setDashoffset=function(a){var b=a.getTotalLength();a.setAttribute("stroke-dasharray",b);return b};n.bezier=y;n.easings=N;n.timeline=function(a){var b=n(a);b.pause();
b.duration=0;b.add=function(a){b.children.forEach(function(a){a.began=!0;a.completed=!0});w(a).forEach(function(a){var c=b.duration,d=a.offset;a.autoplay=!1;a.offset=g.und(d)?c:K(d,c);b.seek(a.offset);a=n(a);a.duration>c&&(b.duration=a.duration);a.began=!0;b.children.push(a)});b.reset();b.seek(0);b.autoplay&&b.restart();return b};return b};n.random=function(a,b){return Math.floor(Math.random()*(b-a+1))+a};return n});

// Generated by CoffeeScript 1.11.1
(function() {
  var AnimatedText, AnimatedTextFactory, Bar, BaseDonut, BaseGauge, Donut, Gauge, GaugePointer, TextRenderer, ValueUpdater, addCommas, cutHex, formatNumber, mergeObjects, secondsToString,
    slice = [].slice,
    hasProp = {}.hasOwnProperty,
    extend = function(child, parent) { for (var key in parent) { if (hasProp.call(parent, key)) child[key] = parent[key]; } function ctor() { this.constructor = child; } ctor.prototype = parent.prototype; child.prototype = new ctor(); child.__super__ = parent.prototype; return child; };

  (function() {
    var browserRequestAnimationFrame, isCancelled, j, lastId, len, vendor, vendors;
    vendors = ['ms', 'moz', 'webkit', 'o'];
    for (j = 0, len = vendors.length; j < len; j++) {
      vendor = vendors[j];
      if (window.requestAnimationFrame) {
        break;
      }
      window.requestAnimationFrame = window[vendor + 'RequestAnimationFrame'];
      window.cancelAnimationFrame = window[vendor + 'CancelAnimationFrame'] || window[vendor + 'CancelRequestAnimationFrame'];
    }
    browserRequestAnimationFrame = null;
    lastId = 0;
    isCancelled = {};
    if (!requestAnimationFrame) {
      window.requestAnimationFrame = function(callback, element) {
        var currTime, id, lastTime, timeToCall;
        currTime = new Date().getTime();
        timeToCall = Math.max(0, 16 - (currTime - lastTime));
        id = window.setTimeout(function() {
          return callback(currTime + timeToCall);
        }, timeToCall);
        lastTime = currTime + timeToCall;
        return id;
      };
      return window.cancelAnimationFrame = function(id) {
        return clearTimeout(id);
      };
    } else if (!window.cancelAnimationFrame) {
      browserRequestAnimationFrame = window.requestAnimationFrame;
      window.requestAnimationFrame = function(callback, element) {
        var myId;
        myId = ++lastId;
        browserRequestAnimationFrame(function() {
          if (!isCancelled[myId]) {
            return callback();
          }
        }, element);
        return myId;
      };
      return window.cancelAnimationFrame = function(id) {
        return isCancelled[id] = true;
      };
    }
  })();

  String.prototype.hashCode = function() {
    var char, hash, i, j, ref;
    hash = 0;
    if (this.length === 0) {
      return hash;
    }
    for (i = j = 0, ref = this.length; 0 <= ref ? j < ref : j > ref; i = 0 <= ref ? ++j : --j) {
      char = this.charCodeAt(i);
      hash = ((hash << 5) - hash) + char;
      hash = hash & hash;
    }
    return hash;
  };

  secondsToString = function(sec) {
    var hr, min;
    hr = Math.floor(sec / 3600);
    min = Math.floor((sec - (hr * 3600)) / 60);
    sec -= (hr * 3600) + (min * 60);
    sec += '';
    min += '';
    while (min.length < 2) {
      min = '0' + min;
    }
    while (sec.length < 2) {
      sec = '0' + sec;
    }
    hr = hr ? hr + ':' : '';
    return hr + min + ':' + sec;
  };

  formatNumber = function() {
    var digits, num, value;
    num = 1 <= arguments.length ? slice.call(arguments, 0) : [];
    value = num[0];
    digits = 0 || num[1];
    return addCommas(value.toFixed(digits));
  };

  mergeObjects = function(obj1, obj2) {
    var key, out, val;
    out = {};
    for (key in obj1) {
      if (!hasProp.call(obj1, key)) continue;
      val = obj1[key];
      out[key] = val;
    }
    for (key in obj2) {
      if (!hasProp.call(obj2, key)) continue;
      val = obj2[key];
      out[key] = val;
    }
    return out;
  };

  addCommas = function(nStr) {
    var rgx, x, x1, x2;
    nStr += '';
    x = nStr.split('.');
    x1 = x[0];
    x2 = '';
    if (x.length > 1) {
      x2 = '.' + x[1];
    }
    rgx = /(\d+)(\d{3})/;
    while (rgx.test(x1)) {
      x1 = x1.replace(rgx, '$1' + ',' + '$2');
    }
    return x1 + x2;
  };

  cutHex = function(nStr) {
    if (nStr.charAt(0) === "#") {
      return nStr.substring(1, 7);
    }
    return nStr;
  };

  ValueUpdater = (function() {
    ValueUpdater.prototype.animationSpeed = 32;

    function ValueUpdater(addToAnimationQueue, clear) {
      if (addToAnimationQueue == null) {
        addToAnimationQueue = true;
      }
      this.clear = clear != null ? clear : true;
      if (addToAnimationQueue) {
        AnimationUpdater.add(this);
      }
    }

    ValueUpdater.prototype.update = function(force) {
      var diff;
      if (force == null) {
        force = false;
      }
      if (force || this.displayedValue !== this.value) {
        if (this.ctx && this.clear) {
          this.ctx.clearRect(0, 0, this.canvas.width, this.canvas.height);
        }
        diff = this.value - this.displayedValue;
        if (Math.abs(diff / this.animationSpeed) <= 0.001) {
          this.displayedValue = this.value;
        } else {
          this.displayedValue = this.displayedValue + diff / this.animationSpeed;
        }
        this.render();
        return true;
      }
      return false;
    };

    return ValueUpdater;

  })();

  BaseGauge = (function(superClass) {
    extend(BaseGauge, superClass);

    function BaseGauge() {
      return BaseGauge.__super__.constructor.apply(this, arguments);
    }

    BaseGauge.prototype.displayScale = 1;

    BaseGauge.prototype.setTextField = function(textField, fractionDigits) {
      return this.textField = textField instanceof TextRenderer ? textField : new TextRenderer(textField, fractionDigits);
    };

    BaseGauge.prototype.setMinValue = function(minValue, updateStartValue) {
      var gauge, j, len, ref, results;
      this.minValue = minValue;
      if (updateStartValue == null) {
        updateStartValue = true;
      }
      if (updateStartValue) {
        this.displayedValue = this.minValue;
        ref = this.gp || [];
        results = [];
        for (j = 0, len = ref.length; j < len; j++) {
          gauge = ref[j];
          results.push(gauge.displayedValue = this.minValue);
        }
        return results;
      }
    };

    BaseGauge.prototype.setOptions = function(options) {
      if (options == null) {
        options = null;
      }
      this.options = mergeObjects(this.options, options);
      if (this.textField) {
        this.textField.el.style.fontSize = options.fontSize + 'px';
      }
      if (this.options.angle > .5) {
        this.options.angle = .5;
      }
      this.configDisplayScale();
      return this;
    };

    BaseGauge.prototype.configDisplayScale = function() {
      var backingStorePixelRatio, devicePixelRatio, height, prevDisplayScale, width;
      prevDisplayScale = this.displayScale;
      if (this.options.highDpiSupport === false) {
        delete this.displayScale;
      } else {
        devicePixelRatio = window.devicePixelRatio || 1;
        backingStorePixelRatio = this.ctx.webkitBackingStorePixelRatio || this.ctx.mozBackingStorePixelRatio || this.ctx.msBackingStorePixelRatio || this.ctx.oBackingStorePixelRatio || this.ctx.backingStorePixelRatio || 1;
        this.displayScale = devicePixelRatio / backingStorePixelRatio;
      }
      if (this.displayScale !== prevDisplayScale) {
        width = this.canvas.G__width || this.canvas.width;
        height = this.canvas.G__height || this.canvas.height;
        this.canvas.width = width * this.displayScale;
        this.canvas.height = height * this.displayScale;
        this.canvas.style.width = width + "px";
        this.canvas.style.height = height + "px";
        this.canvas.G__width = width;
        this.canvas.G__height = height;
      }
      return this;
    };

    BaseGauge.prototype.parseValue = function(value) {
      value = parseFloat(value) || Number(value);
      if (isFinite(value)) {
        return value;
      } else {
        return 0;
      }
    };

    return BaseGauge;

  })(ValueUpdater);

  TextRenderer = (function() {
    function TextRenderer(el, fractionDigits1) {
      this.el = el;
      this.fractionDigits = fractionDigits1;
    }

    TextRenderer.prototype.render = function(gauge) {
      return this.el.innerHTML = formatNumber(gauge.displayedValue, this.fractionDigits);
    };

    return TextRenderer;

  })();

  AnimatedText = (function(superClass) {
    extend(AnimatedText, superClass);

    AnimatedText.prototype.displayedValue = 0;

    AnimatedText.prototype.value = 0;

    AnimatedText.prototype.setVal = function(value) {
      return this.value = 1 * value;
    };

    function AnimatedText(elem1, text) {
      this.elem = elem1;
      this.text = text != null ? text : false;
      this.value = 1 * this.elem.innerHTML;
      if (this.text) {
        this.value = 0;
      }
    }

    AnimatedText.prototype.render = function() {
      var textVal;
      if (this.text) {
        textVal = secondsToString(this.displayedValue.toFixed(0));
      } else {
        textVal = addCommas(formatNumber(this.displayedValue));
      }
      return this.elem.innerHTML = textVal;
    };

    return AnimatedText;

  })(ValueUpdater);

  AnimatedTextFactory = {
    create: function(objList) {
      var elem, j, len, out;
      out = [];
      for (j = 0, len = objList.length; j < len; j++) {
        elem = objList[j];
        out.push(new AnimatedText(elem));
      }
      return out;
    }
  };

  GaugePointer = (function(superClass) {
    extend(GaugePointer, superClass);

    GaugePointer.prototype.displayedValue = 0;

    GaugePointer.prototype.value = 0;

    GaugePointer.prototype.options = {
      strokeWidth: 0.035,
      length: 0.1,
      color: "#000000"
    };

    function GaugePointer(gauge1) {
      this.gauge = gauge1;
      this.ctx = this.gauge.ctx;
      this.canvas = this.gauge.canvas;
      GaugePointer.__super__.constructor.call(this, false, false);
      this.setOptions();
    }

    GaugePointer.prototype.setOptions = function(options) {
      if (options == null) {
        options = null;
      }
      this.options = mergeObjects(this.options, options);
      this.length = 2 * this.gauge.radius * this.gauge.options.radiusScale * this.options.length;
      this.strokeWidth = this.canvas.height * this.options.strokeWidth;
      this.maxValue = this.gauge.maxValue;
      this.minValue = this.gauge.minValue;
      this.animationSpeed = this.gauge.animationSpeed;
      return this.options.angle = this.gauge.options.angle;
    };

    GaugePointer.prototype.render = function() {
      var angle, endX, endY, startX, startY, x, y;
      angle = this.gauge.getAngle.call(this, this.displayedValue);
      x = Math.round(this.length * Math.cos(angle));
      y = Math.round(this.length * Math.sin(angle));
      startX = Math.round(this.strokeWidth * Math.cos(angle - Math.PI / 2));
      startY = Math.round(this.strokeWidth * Math.sin(angle - Math.PI / 2));
      endX = Math.round(this.strokeWidth * Math.cos(angle + Math.PI / 2));
      endY = Math.round(this.strokeWidth * Math.sin(angle + Math.PI / 2));
      this.ctx.fillStyle = this.options.color;
      this.ctx.beginPath();
      this.ctx.arc(0, 0, this.strokeWidth, 0, Math.PI * 2, true);
      this.ctx.fill();
      this.ctx.beginPath();
      this.ctx.moveTo(startX, startY);
      this.ctx.lineTo(x, y);
      this.ctx.lineTo(endX, endY);
      return this.ctx.fill();
    };

    return GaugePointer;

  })(ValueUpdater);

  Bar = (function() {
    function Bar(elem1) {
      this.elem = elem1;
    }

    Bar.prototype.updateValues = function(arrValues) {
      this.value = arrValues[0];
      this.maxValue = arrValues[1];
      this.avgValue = arrValues[2];
      return this.render();
    };

    Bar.prototype.render = function() {
      var avgPercent, valPercent;
      if (this.textField) {
        this.textField.text(formatNumber(this.value));
      }
      if (this.maxValue === 0) {
        this.maxValue = this.avgValue * 2;
      }
      valPercent = (this.value / this.maxValue) * 100;
      avgPercent = (this.avgValue / this.maxValue) * 100;
      $(".bar-value", this.elem).css({
        "width": valPercent + "%"
      });
      return $(".typical-value", this.elem).css({
        "width": avgPercent + "%"
      });
    };

    return Bar;

  })();

  Gauge = (function(superClass) {
    extend(Gauge, superClass);

    Gauge.prototype.elem = null;

    Gauge.prototype.value = [20];

    Gauge.prototype.maxValue = 80;

    Gauge.prototype.minValue = 0;

    Gauge.prototype.displayedAngle = 0;

    Gauge.prototype.displayedValue = 0;

    Gauge.prototype.lineWidth = 40;

    Gauge.prototype.paddingTop = 0.1;

    Gauge.prototype.paddingBottom = 0.1;

    Gauge.prototype.percentColors = null;

    Gauge.prototype.options = {
      colorStart: "#6fadcf",
      colorStop: void 0,
      gradientType: 0,
      strokeColor: "#e0e0e0",
      pointer: {
        length: 0.8,
        strokeWidth: 0.035
      },
      angle: 0.15,
      lineWidth: 0.44,
      radiusScale: 1.0,
      fontSize: 40,
      limitMax: false,
      limitMin: false
    };

    function Gauge(canvas) {
      var h, w;
      this.canvas = canvas;
      Gauge.__super__.constructor.call(this);
      this.percentColors = null;
      this.forceUpdate = true;
      if (typeof G_vmlCanvasManager !== 'undefined') {
        this.canvas = window.G_vmlCanvasManager.initElement(this.canvas);
      }
      this.ctx = this.canvas.getContext('2d');
      h = this.canvas.clientHeight;
      w = this.canvas.clientWidth;
      this.canvas.height = h;
      this.canvas.width = w;
      this.gp = [new GaugePointer(this)];
      this.setOptions();
      this.render();
    }

    Gauge.prototype.setOptions = function(options) {
      var gauge, j, len, phi, ref;
      if (options == null) {
        options = null;
      }
      Gauge.__super__.setOptions.call(this, options);
      this.configPercentColors();
      this.extraPadding = 0;
      if (this.options.angle < 0) {
        phi = Math.PI * (1 + this.options.angle);
        this.extraPadding = Math.sin(phi);
      }
      this.availableHeight = this.canvas.height * (1 - this.paddingTop - this.paddingBottom);
      this.lineWidth = this.availableHeight * this.options.lineWidth;
      this.radius = (this.availableHeight - this.lineWidth / 2) / (1.0 + this.extraPadding);
      this.ctx.clearRect(0, 0, this.canvas.width, this.canvas.height);
      ref = this.gp;
      for (j = 0, len = ref.length; j < len; j++) {
        gauge = ref[j];
        gauge.setOptions(this.options.pointer);
        gauge.render();
      }
      return this;
    };

    Gauge.prototype.configPercentColors = function() {
      var bval, gval, i, j, ref, results, rval;
      this.percentColors = null;
      if (this.options.percentColors !== void 0) {
        this.percentColors = new Array();
        results = [];
        for (i = j = 0, ref = this.options.percentColors.length - 1; 0 <= ref ? j <= ref : j >= ref; i = 0 <= ref ? ++j : --j) {
          rval = parseInt((cutHex(this.options.percentColors[i][1])).substring(0, 2), 16);
          gval = parseInt((cutHex(this.options.percentColors[i][1])).substring(2, 4), 16);
          bval = parseInt((cutHex(this.options.percentColors[i][1])).substring(4, 6), 16);
          results.push(this.percentColors[i] = {
            pct: this.options.percentColors[i][0],
            color: {
              r: rval,
              g: gval,
              b: bval
            }
          });
        }
        return results;
      }
    };

    Gauge.prototype.set = function(value) {
      var gp, i, j, k, l, len, ref, ref1, val;
      if (!(value instanceof Array)) {
        value = [value];
      }
      for (i = j = 0, ref = value.length - 1; 0 <= ref ? j <= ref : j >= ref; i = 0 <= ref ? ++j : --j) {
        value[i] = this.parseValue(value[i]);
      }
      if (value.length > this.gp.length) {
        for (i = k = 0, ref1 = value.length - this.gp.length; 0 <= ref1 ? k < ref1 : k > ref1; i = 0 <= ref1 ? ++k : --k) {
          gp = new GaugePointer(this);
          gp.setOptions(this.options.pointer);
          this.gp.push(gp);
        }
      } else if (value.length < this.gp.length) {
        this.gp = this.gp.slice(this.gp.length - value.length);
      }
      i = 0;
      for (l = 0, len = value.length; l < len; l++) {
        val = value[l];
        if (val > this.maxValue) {
          if (this.options.limitMax) {
            val = this.maxValue;
          } else {
            this.maxValue = val + 1;
          }
        } else if (val < this.minValue) {
          if (this.options.limitMin) {
            val = this.minValue;
          } else {
            this.minValue = val - 1;
          }
        }
        this.gp[i].value = val;
        this.gp[i++].setOptions({
          minValue: this.minValue,
          maxValue: this.maxValue,
          angle: this.options.angle
        });
      }
      this.value = Math.max(Math.min(value[value.length - 1], this.maxValue), this.minValue);
      AnimationUpdater.run(this.forceUpdate);
      return this.forceUpdate = false;
    };

    Gauge.prototype.getAngle = function(value) {
      return (1 + this.options.angle) * Math.PI + ((value - this.minValue) / (this.maxValue - this.minValue)) * (1 - this.options.angle * 2) * Math.PI;
    };

    Gauge.prototype.getColorForPercentage = function(pct, grad) {
      var color, endColor, i, j, rangePct, ref, startColor;
      if (pct === 0) {
        color = this.percentColors[0].color;
      } else {
        color = this.percentColors[this.percentColors.length - 1].color;
        for (i = j = 0, ref = this.percentColors.length - 1; 0 <= ref ? j <= ref : j >= ref; i = 0 <= ref ? ++j : --j) {
          if (pct <= this.percentColors[i].pct) {
            if (grad === true) {
              startColor = this.percentColors[i - 1] || this.percentColors[0];
              endColor = this.percentColors[i];
              rangePct = (pct - startColor.pct) / (endColor.pct - startColor.pct);
              color = {
                r: Math.floor(startColor.color.r * (1 - rangePct) + endColor.color.r * rangePct),
                g: Math.floor(startColor.color.g * (1 - rangePct) + endColor.color.g * rangePct),
                b: Math.floor(startColor.color.b * (1 - rangePct) + endColor.color.b * rangePct)
              };
            } else {
              color = this.percentColors[i].color;
            }
            break;
          }
        }
      }
      return 'rgb(' + [color.r, color.g, color.b].join(',') + ')';
    };

    Gauge.prototype.getColorForValue = function(val, grad) {
      var pct;
      pct = (val - this.minValue) / (this.maxValue - this.minValue);
      return this.getColorForPercentage(pct, grad);
    };

    Gauge.prototype.renderStaticLabels = function(staticLabels, w, h, radius) {
      var font, fontsize, j, len, match, re, ref, rest, rotationAngle, value;
      this.ctx.save();
      this.ctx.translate(w, h);
      font = staticLabels.font || "10px Times";
      re = /\d+\.?\d?/;
      match = font.match(re)[0];
      rest = font.slice(match.length);
      fontsize = parseFloat(match) * this.displayScale;
      this.ctx.font = fontsize + rest;
      this.ctx.fillStyle = staticLabels.color || "#000000";
      this.ctx.textBaseline = "bottom";
      this.ctx.textAlign = "center";
      ref = staticLabels.labels;
      for (j = 0, len = ref.length; j < len; j++) {
        value = ref[j];
        if ((!this.options.limitMin || value >= this.minValue) && (!this.options.limitMax || value <= this.maxValue)) {
          rotationAngle = this.getAngle(value) - 3 * Math.PI / 2;
          this.ctx.rotate(rotationAngle);
          this.ctx.fillText(formatNumber(value, staticLabels.fractionDigits), 0, -radius - this.lineWidth / 2);
          this.ctx.rotate(-rotationAngle);
        }
      }
      return this.ctx.restore();
    };

    Gauge.prototype.render = function() {
      var displayedAngle, fillStyle, gauge, h, j, k, len, len1, max, min, radius, ref, ref1, w, zone;
      w = this.canvas.width / 2;
      h = this.canvas.height * this.paddingTop + this.availableHeight - (this.radius + this.lineWidth / 2) * this.extraPadding;
      displayedAngle = this.getAngle(this.displayedValue);
      if (this.textField) {
        this.textField.render(this);
      }
      this.ctx.lineCap = "butt";
      radius = this.radius * this.options.radiusScale;
      if (this.options.staticLabels) {
        this.renderStaticLabels(this.options.staticLabels, w, h, radius);
      }
      if (this.options.staticZones) {
        this.ctx.save();
        this.ctx.translate(w, h);
        this.ctx.lineWidth = this.lineWidth;
        ref = this.options.staticZones;
        for (j = 0, len = ref.length; j < len; j++) {
          zone = ref[j];
          min = zone.min;
          if (this.options.limitMin && min < this.minValue) {
            min = this.minValue;
          }
          max = zone.max;
          if (this.options.limitMax && max > this.maxValue) {
            max = this.maxValue;
          }
          this.ctx.strokeStyle = zone.strokeStyle;
          this.ctx.beginPath();
          this.ctx.arc(0, 0, radius, this.getAngle(min), this.getAngle(max), false);
          this.ctx.stroke();
        }
        this.ctx.restore();
      } else {
        if (this.options.customFillStyle !== void 0) {
          fillStyle = this.options.customFillStyle(this);
        } else if (this.percentColors !== null) {
          fillStyle = this.getColorForValue(this.displayedValue, true);
        } else if (this.options.colorStop !== void 0) {
          if (this.options.gradientType === 0) {
            fillStyle = this.ctx.createRadialGradient(w, h, 9, w, h, 70);
          } else {
            fillStyle = this.ctx.createLinearGradient(0, 0, w, 0);
          }
          fillStyle.addColorStop(0, this.options.colorStart);
          fillStyle.addColorStop(1, this.options.colorStop);
        } else {
          fillStyle = this.options.colorStart;
        }
        this.ctx.strokeStyle = fillStyle;
        this.ctx.beginPath();
        this.ctx.arc(w, h, radius, (1 + this.options.angle) * Math.PI, displayedAngle, false);
        this.ctx.lineWidth = this.lineWidth;
        this.ctx.stroke();
        this.ctx.strokeStyle = this.options.strokeColor;
        this.ctx.beginPath();
        this.ctx.arc(w, h, radius, displayedAngle, (2 - this.options.angle) * Math.PI, false);
        this.ctx.stroke();
      }
      this.ctx.translate(w, h);
      ref1 = this.gp;
      for (k = 0, len1 = ref1.length; k < len1; k++) {
        gauge = ref1[k];
        gauge.update(true);
      }
      return this.ctx.translate(-w, -h);
    };

    return Gauge;

  })(BaseGauge);

  BaseDonut = (function(superClass) {
    extend(BaseDonut, superClass);

    BaseDonut.prototype.lineWidth = 15;

    BaseDonut.prototype.displayedValue = 0;

    BaseDonut.prototype.value = 33;

    BaseDonut.prototype.maxValue = 80;

    BaseDonut.prototype.minValue = 0;

    BaseDonut.prototype.options = {
      lineWidth: 0.10,
      colorStart: "#6f6ea0",
      colorStop: "#c0c0db",
      strokeColor: "#eeeeee",
      shadowColor: "#d5d5d5",
      angle: 0.35,
      radiusScale: 1.0
    };

    function BaseDonut(canvas) {
      this.canvas = canvas;
      BaseDonut.__super__.constructor.call(this);
      if (typeof G_vmlCanvasManager !== 'undefined') {
        this.canvas = window.G_vmlCanvasManager.initElement(this.canvas);
      }
      this.ctx = this.canvas.getContext('2d');
      this.setOptions();
      this.render();
    }

    BaseDonut.prototype.getAngle = function(value) {
      return (1 - this.options.angle) * Math.PI + ((value - this.minValue) / (this.maxValue - this.minValue)) * ((2 + this.options.angle) - (1 - this.options.angle)) * Math.PI;
    };

    BaseDonut.prototype.setOptions = function(options) {
      if (options == null) {
        options = null;
      }
      BaseDonut.__super__.setOptions.call(this, options);
      this.lineWidth = this.canvas.height * this.options.lineWidth;
      this.radius = this.options.radiusScale * (this.canvas.height / 2 - this.lineWidth / 2);
      return this;
    };

    BaseDonut.prototype.set = function(value) {
      this.value = this.parseValue(value);
      if (this.value > this.maxValue) {
        this.maxValue = this.value * 1.1;
      }
      return AnimationUpdater.run();
    };

    BaseDonut.prototype.render = function() {
      var displayedAngle, grdFill, h, start, stop, w;
      displayedAngle = this.getAngle(this.displayedValue);
      w = this.canvas.width / 2;
      h = this.canvas.height / 2;
      if (this.textField) {
        this.textField.render(this);
      }
      grdFill = this.ctx.createRadialGradient(w, h, 39, w, h, 70);
      grdFill.addColorStop(0, this.options.colorStart);
      grdFill.addColorStop(1, this.options.colorStop);
      start = this.radius - this.lineWidth / 2;
      stop = this.radius + this.lineWidth / 2;
      this.ctx.strokeStyle = this.options.strokeColor;
      this.ctx.beginPath();
      this.ctx.arc(w, h, this.radius, (1 - this.options.angle) * Math.PI, (2 + this.options.angle) * Math.PI, false);
      this.ctx.lineWidth = this.lineWidth;
      this.ctx.lineCap = "round";
      this.ctx.stroke();
      this.ctx.strokeStyle = grdFill;
      this.ctx.beginPath();
      this.ctx.arc(w, h, this.radius, (1 - this.options.angle) * Math.PI, displayedAngle, false);
      return this.ctx.stroke();
    };

    return BaseDonut;

  })(BaseGauge);

  Donut = (function(superClass) {
    extend(Donut, superClass);

    function Donut() {
      return Donut.__super__.constructor.apply(this, arguments);
    }

    Donut.prototype.strokeGradient = function(w, h, start, stop) {
      var grd;
      grd = this.ctx.createRadialGradient(w, h, start, w, h, stop);
      grd.addColorStop(0, this.options.shadowColor);
      grd.addColorStop(0.12, this.options._orgStrokeColor);
      grd.addColorStop(0.88, this.options._orgStrokeColor);
      grd.addColorStop(1, this.options.shadowColor);
      return grd;
    };

    Donut.prototype.setOptions = function(options) {
      var h, start, stop, w;
      if (options == null) {
        options = null;
      }
      Donut.__super__.setOptions.call(this, options);
      w = this.canvas.width / 2;
      h = this.canvas.height / 2;
      start = this.radius - this.lineWidth / 2;
      stop = this.radius + this.lineWidth / 2;
      this.options._orgStrokeColor = this.options.strokeColor;
      this.options.strokeColor = this.strokeGradient(w, h, start, stop);
      return this;
    };

    return Donut;

  })(BaseDonut);

  window.AnimationUpdater = {
    elements: [],
    animId: null,
    addAll: function(list) {
      var elem, j, len, results;
      results = [];
      for (j = 0, len = list.length; j < len; j++) {
        elem = list[j];
        results.push(AnimationUpdater.elements.push(elem));
      }
      return results;
    },
    add: function(object) {
      return AnimationUpdater.elements.push(object);
    },
    run: function(force) {
      var animationFinished, elem, j, len, ref;
      if (force == null) {
        force = false;
      }
      animationFinished = true;
      ref = AnimationUpdater.elements;
      for (j = 0, len = ref.length; j < len; j++) {
        elem = ref[j];
        if (elem.update(force === true)) {
          animationFinished = false;
        }
      }
      if (!animationFinished) {
        return AnimationUpdater.animId = requestAnimationFrame(AnimationUpdater.run);
      } else {
        return cancelAnimationFrame(AnimationUpdater.animId);
      }
    }
  };

  if (typeof window.define === 'function' && (window.define.amd != null)) {
    define(function() {
      return {
        Gauge: Gauge,
        Donut: Donut,
        BaseDonut: BaseDonut,
        TextRenderer: TextRenderer
      };
    });
  } else if (typeof module !== 'undefined' && (module.exports != null)) {
    module.exports = {
      Gauge: Gauge,
      Donut: Donut,
      BaseDonut: BaseDonut,
      TextRenderer: TextRenderer
    };
  } else {
    window.Gauge = Gauge;
    window.Donut = Donut;
    window.BaseDonut = BaseDonut;
    window.TextRenderer = TextRenderer;
  }

}).call(this);

//  ___  ___ _    ___ _____ ___   __  __ ___
// |   \| __| |  | __|_   _| __| |  \/  | __|
// | |) | _|| |__| _|  | | | _|  | |\/| | _|
// |___/|___|____|___| |_| |___| |_|  |_|___|
// ==========================================
// 
// Just for random numbers during the build.
function getRandomInt(min, max) {
    return Math.floor(Math.random() * (max - min + 1)) + min;
}

function numberWithCommas(x) {
    return x.toString().replace(/\B(?=(\d{3})+(?!\d))/g, ",");
}
// ==========================================


//    ___ ___ ___  ___ ___   _   ___ 
//   / __|_ _|   \| __| _ ) /_\ | _ \
//   \__ \| || |) | _|| _ \/ _ \|   /
//   |___/___|___/|___|___/_/ \_\_|_\
//   
//   Handles the sidebar opening and closing
//   http://d.pr/1gW7/4P970L2d
var sidebar = $('.sidebar');
$('.sidebar-trigger').click(function(event) {
    sidebar.addClass('is-open');
    $(this).addClass('is-hidden');
});

$('.sidebar-close-trigger').click(function(event) {
    sidebar.removeClass('is-open');
    $('.sidebar-trigger').removeClass('is-hidden');
});

// =================================================== 
//    _   _  _ ___ __  __   _ _____ ___ ___  _  _ ___  
//   /_\ | \| |_ _|  \/  | /_\_   _|_ _/ _ \| \| / __| 
//  / _ \| .` || || |\/| |/ _ \| |  | | (_) | .` \__ \ 
// /_/ \_\_|\_|___|_|  |_/_/ \_\_| |___\___/|_|\_|___/ 
//                                                     
// =================================================== 
// 
// Animating the numbers for each label
// http://d.pr/Uzze/5G73F7Jj
function rollCounters(delay) {
    anime({
        targets: ".red",
        round: 1,
        easing: "easeOutExpo",
        duration: 1750,
        delay: delay
    });

    anime({
        targets: ".blue",
        round: 1,
        easing: "easeOutExpo",
        duration: 1750,
        delay: delay
    });

    anime({
        targets: ".yellow",
        round: 1,
        easing: "easeOutExpo",
        duration: 1750,
        delay: delay
    });

    anime({
        targets: ".green",
        round: 1,
        easing: "easeOutExpo",
        duration: 1750,
        delay: delay
    });
    
    anime({
        targets: ".team-sales",
        innerHTML: numberWithCommas(getRandomInt(50000, 99999)),
        round: 1,
        easing: "easeOutExpo",
        duration: 3000
    });    

    anime({
        targets: ".total-sales",
        innerHTML: numberWithCommas(getRandomInt(100000, 500000)),
        round: 1,
        easing: "easeOutExpo",
        duration: 3000
    });

}

setTimeout(rollIn, 450);

function rollIn(){
// Fades in each row when the page loads
// http://d.pr/rYwL/57gkKHGv
var statdivs = anime({
    targets: ".stat",
    top: 0,
    duration: 2000,
    opacity: 1,
    easing: "easeOutQuint",
    elasticity: 1000,
    delay: function(el, i, l) {
        return i * 150;
    },
    begin: function() {
        rollCounters(150);
        // Delay the labeled integers so it coindices
        // with the staggered animations
    }
});

var statdivs = anime({
    targets: ".stagger",
    translateY: -150,
    offset: -150,
    duration: 2000,
    opacity: 1,
    easing: "easeOutQuint",
    elasticity: 1000,
    delay: function(el, i, l) {
        return i * 150;
    },
    begin: function() {
        rollCounters(150);
    }
});
	
}]]></script>
        <script_name>dashboard_1_script</script_name>
        <sys_class_name>sys_ui_script</sys_class_name>
        <sys_created_by>admin</sys_created_by>
        <sys_created_on>2017-04-27 04:31:26</sys_created_on>
        <sys_id>8492b2f6a99232007f4450c7f46790c0</sys_id>
        <sys_mod_count>21</sys_mod_count>
        <sys_name>x_snc_dashboard.dashboard_1_script</sys_name>
        <sys_package display_value="Dashboard" source="x_snc_dashboard">678d017aa91232007f4450c7f467902e</sys_package>
        <sys_policy/>
        <sys_scope display_value="Dashboard">678d017aa91232007f4450c7f467902e</sys_scope>
        <sys_update_name>sys_ui_script_8492b2f6a99232007f4450c7f46790c0</sys_update_name>
        <sys_updated_by>admin</sys_updated_by>
        <sys_updated_on>2017-05-04 18:36:33</sys_updated_on>
        <use_scoped_format>false</use_scoped_format>
    </sys_ui_script>
</record_update>
