<?xml version="1.0" encoding="UTF-8"?>
<record_update table="sys_embedded_help_content">
    <sys_embedded_help_content action="INSERT_OR_UPDATE">
        <active>true</active>
        <category/>
        <content/>
        <last_sync>2017-04-27 06:03:02</last_sync>
        <modifier>normal</modifier>
        <name>sp_instance-normal</name>
        <page>sp_instance</page>
        <product>1</product>
        <qualifier/>
        <role/>
        <role_order>1000</role_order>
        <snc_created>true</snc_created>
        <sys_class_name>sys_embedded_help_content</sys_class_name>
        <sys_created_by>admin</sys_created_by>
        <sys_created_on>2017-04-27 06:03:02</sys_created_on>
        <sys_id>3878cf72a9d232007f4450c7f46790dc</sys_id>
        <sys_mod_count>0</sys_mod_count>
        <sys_name>sp_instance-normal</sys_name>
        <sys_package display_value="Dashboard" source="x_snc_dashboard">678d017aa91232007f4450c7f467902e</sys_package>
        <sys_policy/>
        <sys_scope display_value="Dashboard">678d017aa91232007f4450c7f467902e</sys_scope>
        <sys_update_name>sys_embedded_help_content_3878cf72a9d232007f4450c7f46790dc</sys_update_name>
        <sys_updated_by>admin</sys_updated_by>
        <sys_updated_on>2017-04-27 06:03:02</sys_updated_on>
        <version>j</version>
    </sys_embedded_help_content>
    <sys_translated_text action="delete_multiple" query="documentkey=3878cf72a9d232007f4450c7f46790dc"/>
</record_update>
