<?xml version="1.0" encoding="UTF-8"?>
<record_update table="sys_scope_privilege">
    <sys_scope_privilege action="INSERT_OR_UPDATE">
        <operation>read</operation>
        <source_scope display_value="Dashboard">678d017aa91232007f4450c7f467902e</source_scope>
        <status>allowed</status>
        <sys_class_name>sys_scope_privilege</sys_class_name>
        <sys_created_by>admin</sys_created_by>
        <sys_created_on>2017-05-02 21:29:09</sys_created_on>
        <sys_id>bb5c40b0e7a2320075c2a117c2f6a90c</sys_id>
        <sys_mod_count>0</sys_mod_count>
        <sys_name>sys_api_stats</sys_name>
        <sys_package display_value="Dashboard" source="x_snc_dashboard">678d017aa91232007f4450c7f467902e</sys_package>
        <sys_policy/>
        <sys_scope display_value="Dashboard">678d017aa91232007f4450c7f467902e</sys_scope>
        <sys_update_name>sys_scope_privilege_bb5c40b0e7a2320075c2a117c2f6a90c</sys_update_name>
        <sys_updated_by>admin</sys_updated_by>
        <sys_updated_on>2017-05-02 21:29:09</sys_updated_on>
        <target_name>sys_api_stats</target_name>
        <target_scope display_value="Global">global</target_scope>
        <target_type>sys_db_object</target_type>
    </sys_scope_privilege>
</record_update>
