<?xml version="1.0" encoding="UTF-8"?>
<record_update table="sys_embedded_help_content">
    <sys_embedded_help_content action="INSERT_OR_UPDATE">
        <active>true</active>
        <category/>
        <content/>
        <last_sync>2017-05-02 22:18:58</last_sync>
        <modifier>normal</modifier>
        <name>sp_page_list-normal</name>
        <page>sp_page_list</page>
        <product>1</product>
        <qualifier/>
        <role/>
        <role_order/>
        <snc_created>true</snc_created>
        <sys_class_name>sys_embedded_help_content</sys_class_name>
        <sys_created_by>admin</sys_created_by>
        <sys_created_on>2017-05-02 22:18:58</sys_created_on>
        <sys_id>a1c75cf05b2232006b11c7ad31f91af2</sys_id>
        <sys_mod_count>0</sys_mod_count>
        <sys_name>sp_page_list-normal</sys_name>
        <sys_package display_value="Dashboard" source="x_snc_dashboard">678d017aa91232007f4450c7f467902e</sys_package>
        <sys_policy/>
        <sys_scope display_value="Dashboard">678d017aa91232007f4450c7f467902e</sys_scope>
        <sys_update_name>sys_embedded_help_content_a1c75cf05b2232006b11c7ad31f91af2</sys_update_name>
        <sys_updated_by>admin</sys_updated_by>
        <sys_updated_on>2017-05-02 22:18:58</sys_updated_on>
        <version>h</version>
    </sys_embedded_help_content>
    <sys_translated_text action="delete_multiple" query="documentkey=a1c75cf05b2232006b11c7ad31f91af2"/>
</record_update>
