<?xml version="1.0" encoding="UTF-8"?>
<record_update>
    <sys_ui_list parent="" relationship="" sys_domain="global" table="sys_ui_script" version="2" view="">
        <sys_ui_list_element action="INSERT_OR_UPDATE">
            <average_value>false</average_value>
            <element>sys_name</element>
            <list_id display_value="sys_metadata" element="NULL" name="sys_metadata" parent="NULL" relationship="NULL" sys_domain="global" view="Default view">bc8e8f32d723210092610eca5e610302</list_id>
            <max_value>false</max_value>
            <min_value>false</min_value>
            <position>0</position>
            <sum>false</sum>
            <sys_created_by>admin</sys_created_by>
            <sys_created_on>2014-10-08 04:52:14</sys_created_on>
            <sys_id>f08e8f32d723210092610eca5e610303</sys_id>
            <sys_mod_count>0</sys_mod_count>
            <sys_updated_by>admin</sys_updated_by>
            <sys_updated_on>2014-10-08 04:52:14</sys_updated_on>
        </sys_ui_list_element>
        <sys_ui_list_element action="INSERT_OR_UPDATE">
            <average_value>false</average_value>
            <element>sys_class_name</element>
            <list_id display_value="sys_metadata" element="NULL" name="sys_metadata" parent="NULL" relationship="NULL" sys_domain="global" view="Default view">bc8e8f32d723210092610eca5e610302</list_id>
            <max_value>false</max_value>
            <min_value>false</min_value>
            <position>1</position>
            <sum>false</sum>
            <sys_created_by>admin</sys_created_by>
            <sys_created_on>2014-10-08 04:52:14</sys_created_on>
            <sys_id>348e8f32d723210092610eca5e610303</sys_id>
            <sys_mod_count>0</sys_mod_count>
            <sys_updated_by>admin</sys_updated_by>
            <sys_updated_on>2014-10-08 04:52:14</sys_updated_on>
        </sys_ui_list_element>
        <sys_ui_list_element action="INSERT_OR_UPDATE">
            <average_value>false</average_value>
            <element>sys_update_name</element>
            <list_id display_value="sys_metadata" element="NULL" name="sys_metadata" parent="NULL" relationship="NULL" sys_domain="global" view="Default view">bc8e8f32d723210092610eca5e610302</list_id>
            <max_value>false</max_value>
            <min_value>false</min_value>
            <position>2</position>
            <sum>false</sum>
            <sys_created_by>admin</sys_created_by>
            <sys_created_on>2014-10-08 04:52:14</sys_created_on>
            <sys_id>748e8f32d723210092610eca5e610303</sys_id>
            <sys_mod_count>0</sys_mod_count>
            <sys_updated_by>admin</sys_updated_by>
            <sys_updated_on>2014-10-08 04:52:14</sys_updated_on>
        </sys_ui_list_element>
        <sys_ui_list_element action="INSERT_OR_UPDATE">
            <average_value>false</average_value>
            <element>sys_scope</element>
            <list_id display_value="sys_metadata" element="NULL" name="sys_metadata" parent="NULL" relationship="NULL" sys_domain="global" view="Default view">bc8e8f32d723210092610eca5e610302</list_id>
            <max_value>false</max_value>
            <min_value>false</min_value>
            <position>3</position>
            <sum>false</sum>
            <sys_created_by>admin</sys_created_by>
            <sys_created_on>2014-10-08 04:52:14</sys_created_on>
            <sys_id>b48e8f32d723210092610eca5e610303</sys_id>
            <sys_mod_count>0</sys_mod_count>
            <sys_updated_by>admin</sys_updated_by>
            <sys_updated_on>2014-10-08 04:52:14</sys_updated_on>
        </sys_ui_list_element>
        <sys_ui_list_element action="INSERT_OR_UPDATE">
            <average_value>false</average_value>
            <element>sys_policy</element>
            <list_id display_value="sys_metadata" element="NULL" name="sys_metadata" parent="NULL" relationship="NULL" sys_domain="global" view="Default view">bc8e8f32d723210092610eca5e610302</list_id>
            <max_value>false</max_value>
            <min_value>false</min_value>
            <position>4</position>
            <sum>false</sum>
            <sys_created_by>admin</sys_created_by>
            <sys_created_on>2014-10-08 04:52:14</sys_created_on>
            <sys_id>f48e8f32d723210092610eca5e610303</sys_id>
            <sys_mod_count>0</sys_mod_count>
            <sys_updated_by>admin</sys_updated_by>
            <sys_updated_on>2014-10-08 04:52:14</sys_updated_on>
        </sys_ui_list_element>
        <sys_ui_list_element action="INSERT_OR_UPDATE">
            <average_value>false</average_value>
            <element>sys_updated_on</element>
            <list_id display_value="sys_metadata" element="NULL" name="sys_metadata" parent="NULL" relationship="NULL" sys_domain="global" view="Default view">bc8e8f32d723210092610eca5e610302</list_id>
            <max_value>false</max_value>
            <min_value>false</min_value>
            <position>5</position>
            <sum>false</sum>
            <sys_created_by>admin</sys_created_by>
            <sys_created_on>2014-10-08 04:52:14</sys_created_on>
            <sys_id>388e8f32d723210092610eca5e610303</sys_id>
            <sys_mod_count>0</sys_mod_count>
            <sys_updated_by>admin</sys_updated_by>
            <sys_updated_on>2014-10-08 04:52:14</sys_updated_on>
        </sys_ui_list_element>
        <sys_ui_list_element action="INSERT_OR_UPDATE">
            <average_value>false</average_value>
            <element>sys_updated_by</element>
            <list_id display_value="sys_metadata" element="NULL" name="sys_metadata" parent="NULL" relationship="NULL" sys_domain="global" view="Default view">bc8e8f32d723210092610eca5e610302</list_id>
            <max_value>false</max_value>
            <min_value>false</min_value>
            <position>6</position>
            <sum>false</sum>
            <sys_created_by>admin</sys_created_by>
            <sys_created_on>2014-10-08 04:52:14</sys_created_on>
            <sys_id>788e8f32d723210092610eca5e610303</sys_id>
            <sys_mod_count>0</sys_mod_count>
            <sys_updated_by>admin</sys_updated_by>
            <sys_updated_on>2014-10-08 04:52:14</sys_updated_on>
        </sys_ui_list_element>
        <sys_ui_list action="INSERT_OR_UPDATE">
            <average_value>false</average_value>
            <element/>
            <max_value>false</max_value>
            <min_value>false</min_value>
            <name>sys_ui_script</name>
            <parent/>
            <position/>
            <relationship/>
            <sum>false</sum>
            <sys_class_name>sys_ui_list</sys_class_name>
            <sys_created_by>admin</sys_created_by>
            <sys_created_on>2017-04-28 23:50:05</sys_created_on>
            <sys_domain>global</sys_domain>
            <sys_domain_path>/</sys_domain_path>
            <sys_id>6cf58c27e7923200cda9a117c2f6a9b8</sys_id>
            <sys_mod_count>0</sys_mod_count>
            <sys_name/>
            <sys_package/>
            <sys_policy/>
            <sys_scope display_value="Dashboard">678d017aa91232007f4450c7f467902e</sys_scope>
            <sys_update_name/>
            <sys_updated_by>admin</sys_updated_by>
            <sys_updated_on>2017-04-28 23:50:05</sys_updated_on>
            <sys_user display_value="System Administrator">6816f79cc0a8016401c5a33be04be441</sys_user>
            <view display_value="Default view" name="NULL">Default view</view>
            <view_name/>
        </sys_ui_list>
    </sys_ui_list>
</record_update>
